"PointID","x","y","Density","Momentum_x","Momentum_y","Energy","Nu_Tilde","Pressure","Temperature","Mach","Pressure_Coefficient","Velocity_x","Velocity_y","Laminar_Viscosity","Skin_Friction_Coefficient_x","Skin_Friction_Coefficient_y","Heat_Flux","Y_Plus","Eddy_Viscosity"
24, 0.000000000000000e+00, 2.220446049250313e-16, 1.324731421961830e+00, 0.000000000000000e+00, 0.000000000000000e+00, 2.876762719157751e+05, 0.000000000000000e+00, 1.150705087663100e+05, 3.025983397585355e+02, 0.000000000000000e+00, 1.921720307600705e-01, 0.000000000000000e+00, 0.000000000000000e+00, 1.858185080781517e-05, 2.362551885690422e-03, 0.000000000000000e+00, -2.597956398358164e+02, 1.708324901072699e+01, 0.000000000000000e+00
25, 4.011887597850000e-03, 2.220446049250313e-16, 1.323688686082918e+00, 0.000000000000000e+00, 0.000000000000000e+00, 2.872997777216008e+05, 0.000000000000000e+00, 1.149199110886403e+05, 3.024403763197305e+02, 0.000000000000000e+00, 1.451797196308140e-01, 0.000000000000000e+00, 0.000000000000000e+00, 1.857440679483337e-05, 1.843847838657238e-03, 0.000000000000000e+00, -1.377091879727751e+02, 1.509195896210761e+01, 0.000000000000000e+00
26, 8.056205200680001e-03, 2.220446049250313e-16, 1.325512405663184e+00, 0.000000000000000e+00, 0.000000000000000e+00, 2.875741156168735e+05, 0.000000000000000e+00, 1.150296462467494e+05, 3.023126587499972e+02, 0.000000000000000e+00, 1.794213412246788e-01, 0.000000000000000e+00, 0.000000000000000e+00, 1.856838672882710e-05, 1.584088090447615e-03, 0.000000000000000e+00, -8.369430325676426e+01, 1.400272504767558e+01, 0.000000000000000e+00
27, 1.213422760060000e-02, 2.220446049250313e-16, 1.325713068813318e+00, 0.000000000000000e+00, 0.000000000000000e+00, 2.875782974956985e+05, 0.000000000000000e+00, 1.150313189982794e+05, 3.022712955117491e+02, 0.000000000000000e+00, 1.799433045215596e-01, 0.000000000000000e+00, 0.000000000000000e+00, 1.856643677478034e-05, 1.458678554322119e-03, 0.000000000000000e+00, -7.087908688661055e+01, 1.343944225677494e+01, 0.000000000000000e+00
28, 1.624726554020000e-02, 2.220446049250313e-16, 1.325849465860004e+00, 0.000000000000000e+00, 0.000000000000000e+00, 2.875949600754654e+05, 0.000000000000000e+00, 1.150379840301862e+05, 3.022577113930362e+02, 0.000000000000000e+00, 1.820230527480652e-01, 0.000000000000000e+00, 0.000000000000000e+00, 1.856579636114889e-05, 1.386294171595814e-03, 0.000000000000000e+00, -6.404001185520535e+01, 1.310287185494321e+01, 0.000000000000000e+00
29, 2.039666755470000e-02, 2.220446049250313e-16, 1.325908484213821e+00, 0.000000000000000e+00, 0.000000000000000e+00, 2.876015853058071e+05, 0.000000000000000e+00, 1.150406341223228e+05, 3.022512201096425e+02, 0.000000000000000e+00, 1.828499841864193e-01, 0.000000000000000e+00, 0.000000000000000e+00, 1.856549032924515e-05, 1.337747108751060e-03, 0.000000000000000e+00, -5.963517879660556e+01, 1.287190003957173e+01, 0.000000000000000e+00
30, 2.458382190520000e-02, 2.220446049250313e-16, 1.325941432821165e+00, 0.000000000000000e+00, 0.000000000000000e+00, 2.876061677709665e+05, 0.000000000000000e+00, 1.150424671083866e+05, 3.022485251669460e+02, 0.000000000000000e+00, 1.834219468669553e-01, 0.000000000000000e+00, 0.000000000000000e+00, 1.856536327508542e-05, 1.300910263767953e-03, 0.000000000000000e+00, -5.638995720749104e+01, 1.269368459224553e+01, 0.000000000000000e+00
31, 2.881015861120000e-02, 2.220446049250313e-16, 1.325960121488307e+00, 0.000000000000000e+00, 0.000000000000000e+00, 2.876091292196267e+05, 0.000000000000000e+00, 1.150436516878507e+05, 3.022473773183576e+02, 0.000000000000000e+00, 1.837915815624936e-01, 0.000000000000000e+00, 0.000000000000000e+00, 1.856530915913323e-05, 1.271139320980728e-03, 0.000000000000000e+00, -5.382890019932931e+01, 1.254772358034623e+01, 0.000000000000000e+00
32, 3.307715158840000e-02, 2.220446049250313e-16, 1.325971396994879e+00, 0.000000000000000e+00, 0.000000000000000e+00, 2.876111954152323e+05, 0.000000000000000e+00, 1.150444781660929e+05, 3.022469784718917e+02, 0.000000000000000e+00, 1.840494748002972e-01, 0.000000000000000e+00, 0.000000000000000e+00, 1.856529035527405e-05, 1.246246161717835e-03, 0.000000000000000e+00, -5.173027525068690e+01, 1.242431845235161e+01, 0.000000000000000e+00
33, 3.738632089750000e-02, 2.220446049250313e-16, 1.325978220921870e+00, 0.000000000000000e+00, 0.000000000000000e+00, 2.876126276273204e+05, 0.000000000000000e+00, 1.150450510509281e+05, 3.022469280938243e+02, 0.000000000000000e+00, 1.842282370683236e-01, 0.000000000000000e+00, 0.000000000000000e+00, 1.856528798016857e-05, 1.224987121943848e-03, 0.000000000000000e+00, -4.996904546138651e+01, 1.231792608558749e+01, 0.000000000000000e+00
34, 4.173923511390000e-02, 2.220446049250313e-16, 1.325982329379371e+00, 0.000000000000000e+00, 0.000000000000000e+00, 2.876136236199809e+05, 0.000000000000000e+00, 1.150454494479923e+05, 3.022470382717240e+02, 0.000000000000000e+00, 1.843525523903363e-01, 0.000000000000000e+00, 0.000000000000000e+00, 1.856529317457428e-05, 1.206538707867342e-03, 0.000000000000000e+00, -4.846381104326417e+01, 1.222483511707684e+01, 0.000000000000000e+00
35, 4.613751382460000e-02, 2.220446049250313e-16, 1.325984732683809e+00, 0.000000000000000e+00, 0.000000000000000e+00, 2.876143094359835e+05, 0.000000000000000e+00, 1.150457237743934e+05, 3.022472111668843e+02, 0.000000000000000e+00, 1.844381528576780e-01, 0.000000000000000e+00, 0.000000000000000e+00, 1.856530132582245e-05, 1.190317243713189e-03, 0.000000000000000e+00, -4.715800435435257e+01, 1.214238340178668e+01, 0.000000000000000e+00
36, 5.058283026210000e-02, 2.220446049250313e-16, 1.325986056595752e+00, 0.000000000000000e+00, 0.000000000000000e+00, 2.876147728710854e+05, 0.000000000000000e+00, 1.150459091484341e+05, 3.022473964051698e+02, 0.000000000000000e+00, 1.844959967416772e-01, 0.000000000000000e+00, 0.000000000000000e+00, 1.856531005899230e-05, 1.175894199261657e-03, 0.000000000000000e+00, -4.601086485351269e+01, 1.206859493912864e+01, 0.000000000000000e+00
37, 5.507691408390000e-02, 2.220446049250313e-16, 1.325986691148266e+00, 0.000000000000000e+00, 0.000000000000000e+00, 2.876150741929002e+05, 0.000000000000000e+00, 1.150460296771601e+05, 3.022475684159606e+02, 0.000000000000000e+00, 1.845336063746820e-01, 0.000000000000000e+00, 0.000000000000000e+00, 1.856531816854165e-05, 1.162947730031727e-03, 0.000000000000000e+00, -4.499228146534172e+01, 1.200197155274248e+01, 0.000000000000000e+00
38, 5.962155430870000e-02, 2.220446049250313e-16, 1.325986882188949e+00, 0.000000000000000e+00, 0.000000000000000e+00, 2.876152553729889e+05, 0.000000000000000e+00, 1.150461021491955e+05, 3.022477152674890e+02, 0.000000000000000e+00, 1.845562204580598e-01, 0.000000000000000e+00, 0.000000000000000e+00, 1.856532509194107e-05, 1.151231188417167e-03, 0.000000000000000e+00, -4.407951325698195e+01, 1.194135560535674e+01, 0.000000000000000e+00
39, 6.421860241959999e-02, 2.220446049250313e-16, 1.325986786268100e+00, 0.000000000000000e+00, 0.000000000000000e+00, 2.876153461884988e+05, 0.000000000000000e+00, 1.150461384753995e+05, 3.022478325676194e+02, 0.000000000000000e+00, 1.845675556413493e-01, 0.000000000000000e+00, 0.000000000000000e+00, 1.856533062212173e-05, 1.140551998694157e-03, 0.000000000000000e+00, -4.325503619463708e+01, 1.188583647471178e+01, 0.000000000000000e+00
40, 6.886997564640000e-02, 2.220446049250313e-16, 1.325986503118818e+00, 0.000000000000000e+00, 0.000000000000000e+00, 2.876153679040514e+05, 0.000000000000000e+00, 1.150461471616206e+05, 3.022479199295345e+02, 0.000000000000000e+00, 1.845702660789084e-01, 0.000000000000000e+00, 0.000000000000000e+00, 1.856533474084770e-05, 1.130757221169876e-03, 0.000000000000000e+00, -4.250509906265721e+01, 1.183468600865103e+01, 0.000000000000000e+00
41, 7.357766043930000e-02, 2.220446049250313e-16, 1.325986096937576e+00, 0.000000000000000e+00, 0.000000000000000e+00, 2.876153360410471e+05, 0.000000000000000e+00, 1.150461344164188e+05, 3.022479790312398e+02, 0.000000000000000e+00, 1.845662890820880e-01, 0.000000000000000e+00, 0.000000000000000e+00, 1.856533752723007e-05, 1.121723531516717e-03, 0.000000000000000e+00, -4.181873618848731e+01, 1.178731337422957e+01, 0.000000000000000e+00
42, 7.834371614890000e-02, 2.220446049250313e-16, 1.325985609343960e+00, 0.000000000000000e+00, 0.000000000000000e+00, 2.876152621088660e+05, 0.000000000000000e+00, 1.150461048435464e+05, 3.022480124808014e+02, 0.000000000000000e+00, 1.845570611999247e-01, 0.000000000000000e+00, 0.000000000000000e+00, 1.856533910422791e-05, 1.113350163954551e-03, 0.000000000000000e+00, -4.118707995935563e+01, 1.174323296969140e+01, 0.000000000000000e+00
43, 8.317027892560000e-02, 2.220446049250313e-16, 1.325985067257056e+00, 0.000000000000000e+00, 0.000000000000000e+00, 2.876151546846683e+05, 0.000000000000000e+00, 1.150460618738673e+05, 3.022480231557362e+02, 0.000000000000000e+00, 1.845436529949749e-01, 0.000000000000000e+00, 0.000000000000000e+00, 1.856533960750352e-05, 1.105553823395773e-03, 0.000000000000000e+00, -4.060287089370574e+01, 1.170204121715850e+01, 0.000000000000000e+00
44, 8.805956585650000e-02, 2.220446049250313e-16, 1.325984488590037e+00, 0.000000000000000e+00, 0.000000000000000e+00, 2.876150203671500e+05, 0.000000000000000e+00, 1.150460081468600e+05, 3.022480139072650e+02, 0.000000000000000e+00, 1.845268880867594e-01, 0.000000000000000e+00, 0.000000000000000e+00, 1.856533917147932e-05, 1.098264959620514e-03, 0.000000000000000e+00, -4.006010203968641e+01, 1.166339942292718e+01, 0.000000000000000e+00
45, 9.301387935570000e-02, 2.220446049250313e-16, 1.325983885242313e+00, 0.000000000000000e+00, 0.000000000000000e+00, 2.876148642451571e+05, 0.000000000000000e+00, 1.150459456980628e+05, 3.022479873707341e+02, 0.000000000000000e+00, 1.845074016421333e-01, 0.000000000000000e+00, 0.000000000000000e+00, 1.856533792040009e-05, 1.091424990713648e-03, 0.000000000000000e+00, -3.955375614047541e+01, 1.162702090913527e+01, 0.000000000000000e+00
46, 9.803561182770000e-02, 2.220446049250313e-16, 1.325983264965761e+00, 0.000000000000000e+00, 0.000000000000000e+00, 2.876146902118109e+05, 0.000000000000000e+00, 1.150458760847243e+05, 3.022479458703320e+02, 0.000000000000000e+00, 1.844856795829947e-01, 0.000000000000000e+00, 0.000000000000000e+00, 1.856533596384088e-05, 1.084984173900239e-03, 0.000000000000000e+00, -3.907960662078791e+01, 1.159266117057739e+01, 0.000000000000000e+00
47, 1.031272506240000e-01, 2.220446049250313e-16, 1.325982633825250e+00, 0.000000000000000e+00, 0.000000000000000e+00, 2.876145015843249e+05, 0.000000000000000e+00, 1.150458006337299e+05, 3.022478915095825e+02, 0.000000000000000e+00, 1.844621359489949e-01, 0.000000000000000e+00, 0.000000000000000e+00, 1.856533340097336e-05, 1.078899984256628e-03, 0.000000000000000e+00, -3.863406701330666e+01, 1.156011036630189e+01, 0.000000000000000e+00
48, 1.082913833170000e-01, 2.220446049250313e-16, 1.325981994839884e+00, 0.000000000000000e+00, 0.000000000000000e+00, 2.876143006337482e+05, 0.000000000000000e+00, 1.150457202534993e+05, 3.022478259868811e+02, 0.000000000000000e+00, 1.844370542022751e-01, 0.000000000000000e+00, 0.000000000000000e+00, 1.856533031186915e-05, 1.073135822135102e-03, 0.000000000000000e+00, -3.821407210928891e+01, 1.152918721316175e+01, 0.000000000000000e+00
49, 1.135307033110000e-01, 2.220446049250313e-16, 1.325981351767069e+00, 0.000000000000000e+00, 0.000000000000000e+00, 2.876140896985095e+05, 0.000000000000000e+00, 1.150456358794038e+05, 3.022477509031440e+02, 0.000000000000000e+00, 1.844107262149709e-01, 0.000000000000000e+00, 0.000000000000000e+00, 1.856532677200419e-05, 1.067660015226253e-03, 0.000000000000000e+00, -3.781698651864917e+01, 1.149973424679914e+01, 0.000000000000000e+00
50, 1.188480158220000e-01, 2.220446049250313e-16, 1.325980705687008e+00, 0.000000000000000e+00, 0.000000000000000e+00, 2.876138701662348e+05, 0.000000000000000e+00, 1.150455480664939e+05, 3.022476674703605e+02, 0.000000000000000e+00, 1.843833251843061e-01, 0.000000000000000e+00, 0.000000000000000e+00, 1.856532283851825e-05, 1.062445007140222e-03, 0.000000000000000e+00, -3.744053106283648e+01, 1.147161393713868e+01, 0.000000000000000e+00
51, 1.242462442510000e-01, 2.220446049250313e-16, 1.325980058671878e+00, 0.000000000000000e+00, 0.000000000000000e+00, 2.876136435720101e+05, 0.000000000000000e+00, 1.150454574288040e+05, 3.022475768293724e+02, 0.000000000000000e+00, 1.843550427128317e-01, 0.000000000000000e+00, 0.000000000000000e+00, 1.856531856519681e-05, 1.057466683277421e-03, 0.000000000000000e+00, -3.708272313030766e+01, 1.144470559556512e+01, 0.000000000000000e+00
52, 1.297284369870000e-01, 2.220446049250313e-16, 1.325979411852958e+00, 0.000000000000000e+00, 0.000000000000000e+00, 2.876134110526125e+05, 0.000000000000000e+00, 1.150453644210450e+05, 3.022474799169192e+02, 0.000000000000000e+00, 1.843260206879409e-01, 0.000000000000000e+00, 0.000000000000000e+00, 1.856531399620285e-05, 1.052703866711705e-03, 0.000000000000000e+00, -3.674183098216351e+01, 1.141890291159288e+01, 0.000000000000000e+00
53, 1.352977746630000e-01, 2.220446049250313e-16, 1.325978765482607e+00, 0.000000000000000e+00, 0.000000000000000e+00, 2.876131733635806e+05, 0.000000000000000e+00, 1.150452693454322e+05, 3.022473774694502e+02, 0.000000000000000e+00, 1.842963534125579e-01, 0.000000000000000e+00, 0.000000000000000e+00, 1.856530916625658e-05, 1.048137846719394e-03, 0.000000000000000e+00, -3.641633267005757e+01, 1.139411167434569e+01, 0.000000000000000e+00
54, 1.409575779210000e-01, 2.220446049250313e-16, 1.325978121154427e+00, 0.000000000000000e+00, 0.000000000000000e+00, 2.876129315667872e+05, 0.000000000000000e+00, 1.150451726267148e+05, 3.022472702396101e+02, 0.000000000000000e+00, 1.842661734248660e-01, 0.000000000000000e+00, 0.000000000000000e+00, 1.856530411084176e-05, 1.043752042103681e-03, 0.000000000000000e+00, -3.610488612081869e+01, 1.137024816647035e+01, 0.000000000000000e+00
55, 1.467113157020000e-01, 2.220446049250313e-16, 1.325977478577448e+00, 0.000000000000000e+00, 0.000000000000000e+00, 2.876126860849512e+05, 0.000000000000000e+00, 1.150450744339805e+05, 3.022471587379449e+02, 0.000000000000000e+00, 1.842355334867421e-01, 0.000000000000000e+00, 0.000000000000000e+00, 1.856529885402825e-05, 1.039531697166180e-03, 0.000000000000000e+00, -3.580630261470200e+01, 1.134723768676128e+01, 0.000000000000000e+00
56, 1.525626141330000e-01, 2.220446049250313e-16, 1.325976838359939e+00, 0.000000000000000e+00, 0.000000000000000e+00, 2.876124375285949e+05, 0.000000000000000e+00, 1.150449750114379e+05, 3.022470434673855e+02, 0.000000000000000e+00, 1.842045098008272e-01, 0.000000000000000e+00, 0.000000000000000e+00, 1.856529341952696e-05, 1.035463607630147e-03, 0.000000000000000e+00, -3.551952357538602e+01, 1.132501323762000e+01, 0.000000000000000e+00
57, 1.585152660350000e-01, 2.220446049250313e-16, 1.325976201275302e+00, 0.000000000000000e+00, 0.000000000000000e+00, 2.876121865062278e+05, 0.000000000000000e+00, 1.150448746024911e+05, 3.022469248911087e+02, 0.000000000000000e+00, 1.841731783185488e-01, 0.000000000000000e+00, 0.000000000000000e+00, 1.856528782917454e-05, 1.031535949819506e-03, 0.000000000000000e+00, -3.524360497160624e+01, 1.130351464595411e+01, 0.000000000000000e+00
58, 1.645732411200000e-01, 2.220446049250313e-16, 1.325975566717545e+00, 0.000000000000000e+00, 0.000000000000000e+00, 2.876119331613592e+05, 0.000000000000000e+00, 1.150447732645437e+05, 3.022468032980535e+02, 0.000000000000000e+00, 1.841415569520757e-01, 0.000000000000000e+00, 0.000000000000000e+00, 1.856528209659310e-05, 1.027738072501902e-03, 0.000000000000000e+00, -3.497770011989767e+01, 1.128268758231667e+01, 0.000000000000000e+00
59, 1.707406969350000e-01, 2.220446049250313e-16, 1.325974935486683e+00, 0.000000000000000e+00, 0.000000000000000e+00, 2.876116780053418e+05, 0.000000000000000e+00, 1.150446712021367e+05, 3.022466790432313e+02, 0.000000000000000e+00, 1.841097095261600e-01, 0.000000000000000e+00, 0.000000000000000e+00, 1.856527623851982e-05, 1.024060348715543e-03, 0.000000000000000e+00, -3.472104704116809e+01, 1.126248282569289e+01, 0.000000000000000e+00
60, 1.770219906140000e-01, 2.220446049250313e-16, 1.325974307746797e+00, 0.000000000000000e+00, 0.000000000000000e+00, 2.876114213338445e+05, 0.000000000000000e+00, 1.150445685335378e+05, 3.022465523999520e+02, 0.000000000000000e+00, 1.840776729448686e-01, 0.000000000000000e+00, 0.000000000000000e+00, 1.856527026783998e-05, 1.020494074867564e-03, 0.000000000000000e+00, -3.447295944226642e+01, 1.124285578036184e+01, 0.000000000000000e+00
61, 1.834216915030000e-01, 2.220446049250313e-16, 1.325973682934340e+00, 0.000000000000000e+00, 0.000000000000000e+00, 2.876111631846817e+05, 0.000000000000000e+00, 1.150444652738726e+05, 3.022464235364083e+02, 0.000000000000000e+00, 1.840454519280050e-01, 0.000000000000000e+00, 0.000000000000000e+00, 1.856526419248309e-05, 1.017031324725523e-03, 0.000000000000000e+00, -3.423281491980006e+01, 1.122376572942509e+01, 0.000000000000000e+00
62, 1.899445947530000e-01, 2.220446049250313e-16, 1.325973061826875e+00, 0.000000000000000e+00, 0.000000000000000e+00, 2.876109039622781e+05, 0.000000000000000e+00, 1.150443615849112e+05, 3.022462927003623e+02, 0.000000000000000e+00, 1.840130969540701e-01, 0.000000000000000e+00, 0.000000000000000e+00, 1.856525802412998e-05, 1.013664871116026e-03, 0.000000000000000e+00, -3.400004825736995e+01, 1.120517547603908e+01, 0.000000000000000e+00
63, 1.965957359540000e-01, 2.220446049250313e-16, 1.325972444307262e+00, 0.000000000000000e+00, 0.000000000000000e+00, 2.876106437892804e+05, 0.000000000000000e+00, 1.150442575157121e+05, 3.022461600474016e+02, 0.000000000000000e+00, 1.839806233312466e-01, 0.000000000000000e+00, 0.000000000000000e+00, 1.856525177011587e-05, 1.010388122679845e-03, 0.000000000000000e+00, -3.377414574108582e+01, 1.118705101393027e+01, 0.000000000000000e+00
64, 2.033804069020000e-01, 2.220446049250313e-16, 1.325971829969807e+00, 0.000000000000000e+00, 0.000000000000000e+00, 2.876103826705284e+05, 0.000000000000000e+00, 1.150441530682113e+05, 3.022460256750857e+02, 0.000000000000000e+00, 1.839480316636328e-01, 0.000000000000000e+00, 0.000000000000000e+00, 1.856524543504022e-05, 1.007195019657831e-03, 0.000000000000000e+00, -3.355463703725904e+01, 1.116936100471868e+01, 0.000000000000000e+00
65, 2.103041726230000e-01, 2.220446049250313e-16, 1.325971219529643e+00, 0.000000000000000e+00, 0.000000000000000e+00, 2.876101209238652e+05, 0.000000000000000e+00, 1.150440483695460e+05, 3.022458897544208e+02, 0.000000000000000e+00, 1.839153616229623e-01, 0.000000000000000e+00, 0.000000000000000e+00, 1.856523902696520e-05, 1.004079995366208e-03, 0.000000000000000e+00, -3.334109169436250e+01, 1.115207659669946e+01, 0.000000000000000e+00
66, 2.173728897500000e-01, 2.220446049250313e-16, 1.325970612773852e+00, 0.000000000000000e+00, 0.000000000000000e+00, 2.876098585830217e+05, 0.000000000000000e+00, 1.150439434332087e+05, 3.022457523693867e+02, 0.000000000000000e+00, 1.838826174193930e-01, 0.000000000000000e+00, 0.000000000000000e+00, 1.856523254985005e-05, 1.001037931673420e-03, 0.000000000000000e+00, -3.313311532475572e+01, 1.113517121408931e+01, 0.000000000000000e+00
67, 2.245927263960000e-01, 2.220446049250313e-16, 1.325970009378453e+00, 0.000000000000000e+00, 0.000000000000000e+00, 2.876095956230164e+05, 0.000000000000000e+00, 1.150438382492065e+05, 3.022456135675788e+02, 0.000000000000000e+00, 1.838497959348201e-01, 0.000000000000000e+00, 0.000000000000000e+00, 1.856522600593861e-05, 9.980640823019794e-04, 0.000000000000000e+00, -3.293034371050539e+01, 1.111862014813097e+01, 0.000000000000000e+00
68, 2.319701836540000e-01, 2.220446049250313e-16, 1.325969410004456e+00, 0.000000000000000e+00, 0.000000000000000e+00, 2.876093322976387e+05, 0.000000000000000e+00, 1.150437329190555e+05, 3.022454734650283e+02, 0.000000000000000e+00, 1.838169288461178e-01, 0.000000000000000e+00, 0.000000000000000e+00, 1.856521940070125e-05, 9.951540552576110e-04, 0.000000000000000e+00, -3.273244105838501e+01, 1.110240048227594e+01, 0.000000000000000e+00
69, 2.395121189030000e-01, 2.220446049250313e-16, 1.325968814473270e+00, 0.000000000000000e+00, 0.000000000000000e+00, 2.876090686070946e+05, 0.000000000000000e+00, 1.150436274428378e+05, 3.022453321026598e+02, 0.000000000000000e+00, 1.837840161789821e-01, 0.000000000000000e+00, 0.000000000000000e+00, 1.856521273606734e-05, 9.923037838078027e-04, 0.000000000000000e+00, -3.253909750928978e+01, 1.108649095292055e+01, 0.000000000000000e+00
70, 2.472257710730000e-01, 2.220446049250313e-16, 1.325968222510983e+00, 0.000000000000000e+00, 0.000000000000000e+00, 2.876088045023484e+05, 0.000000000000000e+00, 1.150435218009393e+05, 3.022451894913779e+02, 0.000000000000000e+00, 1.837510518130025e-01, 0.000000000000000e+00, 0.000000000000000e+00, 1.856520601255092e-05, 9.895094668875518e-04, 0.000000000000000e+00, -3.235002468773435e+01, 1.107087163353578e+01, 0.000000000000000e+00
71, 2.551187880890000e-01, 2.220446049250313e-16, 1.325967634754396e+00, 0.000000000000000e+00, 0.000000000000000e+00, 2.876085401935935e+05, 0.000000000000000e+00, 1.150434160774374e+05, 3.022450457069180e+02, 0.000000000000000e+00, 1.837180619835907e-01, 0.000000000000000e+00, 0.000000000000000e+00, 1.856519923372258e-05, 9.867675627278348e-04, 0.000000000000000e+00, -3.216495483935121e+01, 1.105552389492068e+01, 0.000000000000000e+00
72, 2.631992566980000e-01, 2.220446049250313e-16, 1.325967051131080e+00, 0.000000000000000e+00, 0.000000000000000e+00, 2.876082756780168e+05, 0.000000000000000e+00, 1.150433102712067e+05, 3.022449007628331e+02, 0.000000000000000e+00, 1.836850463396004e-01, 0.000000000000000e+00, 0.000000000000000e+00, 1.856519240022125e-05, 9.840747704962579e-04, 0.000000000000000e+00, -3.198363927753791e+01, 1.104043033038352e+01, 0.000000000000000e+00
73, 2.714757349350000e-01, 2.220446049250313e-16, 1.325966471410920e+00, 0.000000000000000e+00, 0.000000000000000e+00, 2.876080108892750e+05, 0.000000000000000e+00, 1.150432043557100e+05, 3.022447546418570e+02, 0.000000000000000e+00, 1.836519966003674e-01, 0.000000000000000e+00, 0.000000000000000e+00, 1.856518551123285e-05, 9.814279787475079e-04, 0.000000000000000e+00, -3.180584485893970e+01, 1.102557454494795e+01, 0.000000000000000e+00
74, 2.799572875080000e-01, 2.220446049250313e-16, 1.325965896229315e+00, 0.000000000000000e+00, 0.000000000000000e+00, 2.876077460072919e+05, 0.000000000000000e+00, 1.150430984029168e+05, 3.022446073882348e+02, 0.000000000000000e+00, 1.836189352231901e-01, 0.000000000000000e+00, 0.000000000000000e+00, 1.856517856884330e-05, 9.788242672182763e-04, 0.000000000000000e+00, -3.163135353082072e+01, 1.101094107759258e+01, 0.000000000000000e+00
75, 2.886535243940000e-01, 2.220446049250313e-16, 1.325965325655186e+00, 0.000000000000000e+00, 0.000000000000000e+00, 2.876074810432621e+05, 0.000000000000000e+00, 1.150429924173048e+05, 3.022444589980208e+02, 0.000000000000000e+00, 1.835858636052880e-01, 0.000000000000000e+00, 0.000000000000000e+00, 1.856517157286656e-05, 9.762608975638843e-04, 0.000000000000000e+00, -3.145996157955251e+01, 1.099651539688155e+01, 0.000000000000000e+00
76, 2.975746430190000e-01, 2.220446049250313e-16, 1.325964759524460e+00, 0.000000000000000e+00, 0.000000000000000e+00, 2.876072159232431e+05, 0.000000000000000e+00, 1.150428863692972e+05, 3.022443094309090e+02, 0.000000000000000e+00, 1.835527725175408e-01, 0.000000000000000e+00, 0.000000000000000e+00, 1.856516452140233e-05, 9.737352726799349e-04, 0.000000000000000e+00, -3.129147671252045e+01, 1.098228367729141e+01, 0.000000000000000e+00
77, 3.067314743950000e-01, 2.220446049250313e-16, 1.325964198494636e+00, 0.000000000000000e+00, 0.000000000000000e+00, 2.876069508068025e+05, 0.000000000000000e+00, 1.150427803227210e+05, 3.022441587047155e+02, 0.000000000000000e+00, 1.835196818764319e-01, 0.000000000000000e+00, 0.000000000000000e+00, 1.856515741529052e-05, 9.712449345190417e-04, 0.000000000000000e+00, -3.112571777672364e+01, 1.096823280555965e+01, 0.000000000000000e+00
78, 3.161355336610000e-01, 2.220446049250313e-16, 1.325963642803452e+00, 0.000000000000000e+00, 0.000000000000000e+00, 2.876066857282143e+05, 0.000000000000000e+00, 1.150426742912857e+05, 3.022440068012681e+02, 0.000000000000000e+00, 1.834865959598719e-01, 0.000000000000000e+00, 0.000000000000000e+00, 1.856515025367434e-05, 9.687875632133951e-04, 0.000000000000000e+00, -3.096251445738771e+01, 1.095435036416888e+01, 0.000000000000000e+00
79, 3.257990755320000e-01, 2.220446049250313e-16, 1.325963092380142e+00, 0.000000000000000e+00, 0.000000000000000e+00, 2.876064206172659e+05, 0.000000000000000e+00, 1.150425682469064e+05, 3.022438536629118e+02, 0.000000000000000e+00, 1.834535060042727e-01, 0.000000000000000e+00, 0.000000000000000e+00, 1.856514303383557e-05, 9.663609411795295e-04, 0.000000000000000e+00, -3.080170491511039e+01, 1.094062448183402e+01, 0.000000000000000e+00
80, 3.357351552200000e-01, 2.220446049250313e-16, 1.325962547933040e+00, 0.000000000000000e+00, 0.000000000000000e+00, 2.876061556227259e+05, 0.000000000000000e+00, 1.150424622490903e+05, 3.022436992845271e+02, 0.000000000000000e+00, 1.834204305782292e-01, 0.000000000000000e+00, 0.000000000000000e+00, 1.856513575553279e-05, 9.639629555783329e-04, 0.000000000000000e+00, -3.064313552388920e+01, 1.092704375827542e+01, 0.000000000000000e+00
81, 3.459576954530000e-01, 2.220446049250313e-16, 1.325962009879797e+00, 0.000000000000000e+00, 0.000000000000000e+00, 2.876058908060770e+05, 0.000000000000000e+00, 1.150423563224308e+05, 3.022435436355264e+02, 0.000000000000000e+00, 1.833873773557645e-01, 0.000000000000000e+00, 0.000000000000000e+00, 1.856512841732389e-05, 9.615915986405408e-04, 0.000000000000000e+00, -3.048666094750945e+01, 1.091359732979202e+01, 0.000000000000000e+00
82, 3.564815603450000e-01, 2.220446049250313e-16, 1.325961478294204e+00, 0.000000000000000e+00, 0.000000000000000e+00, 2.876056261138577e+05, 0.000000000000000e+00, 1.150422504455431e+05, 3.022433866429076e+02, 0.000000000000000e+00, 1.833543396640435e-01, 0.000000000000000e+00, 0.000000000000000e+00, 1.856512101576706e-05, 9.592449371841770e-04, 0.000000000000000e+00, -3.033214209812141e+01, 1.090027472023615e+01, 0.000000000000000e+00
83, 3.673226369200000e-01, 2.220446049250313e-16, 1.325960953979043e+00, 0.000000000000000e+00, 0.000000000000000e+00, 2.876053616967007e+05, 0.000000000000000e+00, 1.150421446786803e+05, 3.022432282819821e+02, 0.000000000000000e+00, 1.833213363043613e-01, 0.000000000000000e+00, 0.000000000000000e+00, 1.856511354969828e-05, 9.569211112534354e-04, 0.000000000000000e+00, -3.017944587607662e+01, 1.088706580982642e+01, 0.000000000000000e+00
84, 3.784979252510000e-01, 2.220446049250313e-16, 1.325960437542032e+00, 0.000000000000000e+00, 0.000000000000000e+00, 2.876050976448785e+05, 0.000000000000000e+00, 1.150420390579514e+05, 3.022430685090930e+02, 0.000000000000000e+00, 1.832883785441134e-01, 0.000000000000000e+00, 0.000000000000000e+00, 1.856510601705929e-05, 9.546183395201035e-04, 0.000000000000000e+00, -3.002844542072020e+01, 1.087396086780546e+01, 0.000000000000000e+00
85, 3.900256382880000e-01, 2.220446049250313e-16, 1.325959929252136e+00, 0.000000000000000e+00, 0.000000000000000e+00, 2.876048339346470e+05, 0.000000000000000e+00, 1.150419335738588e+05, 3.022429072379803e+02, 0.000000000000000e+00, 1.832554634196857e-01, 0.000000000000000e+00, 0.000000000000000e+00, 1.856509841378319e-05, 9.523348933848637e-04, 0.000000000000000e+00, -2.987901841284257e+01, 1.086095042834815e+01, 0.000000000000000e+00
86, 4.019253126140000e-01, 2.220446049250313e-16, 1.325959430074794e+00, 0.000000000000000e+00, 0.000000000000000e+00, 2.876045707354811e+05, 0.000000000000000e+00, 1.150418282941924e+05, 3.022427444266814e+02, 0.000000000000000e+00, 1.832226120841743e-01, 0.000000000000000e+00, 0.000000000000000e+00, 1.856509073789159e-05, 9.500690951392156e-04, 0.000000000000000e+00, -2.973104684533909e+01, 1.084802526704454e+01, 0.000000000000000e+00
87, 4.142179315450000e-01, 2.220446049250313e-16, 1.325958940828428e+00, 0.000000000000000e+00, 0.000000000000000e+00, 2.876043081686232e+05, 0.000000000000000e+00, 1.150417232674493e+05, 3.022425800160577e+02, 0.000000000000000e+00, 1.831898396704979e-01, 0.000000000000000e+00, 0.000000000000000e+00, 1.856508298659626e-05, 9.478193239311234e-04, 0.000000000000000e+00, -2.958441732852464e+01, 1.083517643383953e+01, 0.000000000000000e+00
88, 4.269260622260000e-01, 2.220446049250313e-16, 1.325958462046730e+00, 0.000000000000000e+00, 0.000000000000000e+00, 2.876040462554147e+05, 0.000000000000000e+00, 1.150416185021658e+05, 3.022424139068877e+02, 0.000000000000000e+00, 1.831571488423896e-01, 0.000000000000000e+00, 0.000000000000000e+00, 1.856507515521927e-05, 9.455839934854096e-04, 0.000000000000000e+00, -2.943901962824552e+01, 1.082239513822371e+01, 0.000000000000000e+00
89, 4.400740085990000e-01, 2.220446049250313e-16, 1.325957994949485e+00, 0.000000000000000e+00, 0.000000000000000e+00, 2.876037852057026e+05, 0.000000000000000e+00, 1.150415140822810e+05, 3.022422460416605e+02, 0.000000000000000e+00, 1.831245657920285e-01, 0.000000000000000e+00, 0.000000000000000e+00, 1.856506724104913e-05, 9.433615510432135e-04, 0.000000000000000e+00, -2.929474652334489e+01, 1.080967273498084e+01, 0.000000000000000e+00
90, 4.536879824320000e-01, 2.220446049250313e-16, 1.325957540604086e+00, 0.000000000000000e+00, 0.000000000000000e+00, 2.876035251759262e+05, 0.000000000000000e+00, 1.150414100703704e+05, 3.022420763414758e+02, 0.000000000000000e+00, 1.830921100454471e-01, 0.000000000000000e+00, 0.000000000000000e+00, 1.856505924036596e-05, 9.411504816093830e-04, 0.000000000000000e+00, -2.915149402995720e+01, 1.079700075062070e+01, 0.000000000000000e+00
91, 4.677962949600000e-01, 2.220446049250313e-16, 1.325957099908815e+00, 0.000000000000000e+00, 0.000000000000000e+00, 2.876032662538357e+05, 0.000000000000000e+00, 1.150413065015342e+05, 3.022419046937971e+02, 0.000000000000000e+00, 1.830597925552346e-01, 0.000000000000000e+00, 0.000000000000000e+00, 1.856505114786401e-05, 9.389492871102596e-04, 0.000000000000000e+00, -2.900916009707250e+01, 1.078437078760135e+01, 0.000000000000000e+00
92, 4.824295720830000e-01, 2.220446049250313e-16, 1.325956674449831e+00, 0.000000000000000e+00, 0.000000000000000e+00, 2.876030087141346e+05, 0.000000000000000e+00, 1.150412034856538e+05, 3.022417310257605e+02, 0.000000000000000e+00, 1.830276476086531e-01, 0.000000000000000e+00, 0.000000000000000e+00, 1.856504296010799e-05, 9.367564881719735e-04, 0.000000000000000e+00, -2.886764461483779e+01, 1.077177451145582e+01, 0.000000000000000e+00
93, 4.976209965680000e-01, 2.220446049250313e-16, 1.325956265606739e+00, 0.000000000000000e+00, 0.000000000000000e+00, 2.876027527567896e+05, 0.000000000000000e+00, 1.150411011027158e+05, 3.022415552330441e+02, 0.000000000000000e+00, 1.829957001646339e-01, 0.000000000000000e+00, 0.000000000000000e+00, 1.856503467217945e-05, 9.345706251937931e-04, 0.000000000000000e+00, -2.872684945598257e+01, 1.075920366019245e+01, 0.000000000000000e+00
94, 5.134065813120000e-01, 2.220446049250313e-16, 1.325955874802391e+00, 0.000000000000000e+00, 0.000000000000000e+00, 2.876024985694530e+05, 0.000000000000000e+00, 1.150409994277812e+05, 3.022413771885287e+02, 0.000000000000000e+00, 1.829639736450963e-01, 0.000000000000000e+00, 0.000000000000000e+00, 1.856502627808512e-05, 9.323902393630775e-04, 0.000000000000000e+00, -2.858667726234404e+01, 1.074664994223551e+01, 0.000000000000000e+00
95, 5.298254783930000e-01, 2.220446049250313e-16, 1.325955504112140e+00, 0.000000000000000e+00, 0.000000000000000e+00, 2.876022465145235e+05, 0.000000000000000e+00, 1.150408986058094e+05, 3.022411968000037e+02, 0.000000000000000e+00, 1.829325132830125e-01, 0.000000000000000e+00, 0.000000000000000e+00, 1.856501777347756e-05, 9.302138723326923e-04, 0.000000000000000e+00, -2.844703162064296e+01, 1.073410510425145e+01, 0.000000000000000e+00
96, 5.469203295140000e-01, 2.220446049250313e-16, 1.325955155325802e+00, 0.000000000000000e+00, 0.000000000000000e+00, 2.876019968550477e+05, 0.000000000000000e+00, 1.150407987420190e+05, 3.022410139359365e+02, 0.000000000000000e+00, 1.829013519106898e-01, 0.000000000000000e+00, 0.000000000000000e+00, 1.856500915215543e-05, 9.280400684816213e-04, 0.000000000000000e+00, -2.830781707734079e+01, 1.072156090915329e+01, 0.000000000000000e+00
97, 5.647376644470000e-01, 2.220446049250313e-16, 1.325954830645328e+00, 0.000000000000000e+00, 0.000000000000000e+00, 2.876017499320568e+05, 0.000000000000000e+00, 1.150406999728227e+05, 3.022408284528069e+02, 0.000000000000000e+00, 1.828705320940975e-01, 0.000000000000000e+00, 0.000000000000000e+00, 1.856500040735218e-05, 9.258673848630847e-04, 0.000000000000000e+00, -2.816893824153726e+01, 1.070900870447737e+01, 0.000000000000000e+00
98, 5.833283553420000e-01, 2.220446049250313e-16, 1.325954532752377e+00, 0.000000000000000e+00, 0.000000000000000e+00, 2.876015062130569e+05, 0.000000000000000e+00, 1.150406024852227e+05, 3.022406402306634e+02, 0.000000000000000e+00, 1.828401121852352e-01, 0.000000000000000e+00, 0.000000000000000e+00, 1.856499153341249e-05, 9.236943522295740e-04, 0.000000000000000e+00, -2.803029990184303e+01, 1.069644004072859e+01, 0.000000000000000e+00
99, 6.027481362320000e-01, 2.220446049250313e-16, 1.325954264102899e+00, 0.000000000000000e+00, 0.000000000000000e+00, 2.876012660781575e+05, 0.000000000000000e+00, 1.150405064312630e+05, 3.022404491091588e+02, 0.000000000000000e+00, 1.828101396276765e-01, 0.000000000000000e+00, 0.000000000000000e+00, 1.856498252277647e-05, 9.215194914042296e-04, 0.000000000000000e+00, -2.789180672241147e+01, 1.068384633154764e+01, 0.000000000000000e+00
100, 6.230581989500000e-01, 2.220446049250313e-16, 1.325954028049791e+00, 0.000000000000000e+00, 0.000000000000000e+00, 2.876010300869283e+05, 0.000000000000000e+00, 1.150404120347713e+05, 3.022402549120918e+02, 0.000000000000000e+00, 1.827806842643945e-01, 0.000000000000000e+00, 0.000000000000000e+00, 1.856497336713680e-05, 9.193413451288088e-04, 0.000000000000000e+00, -2.775336217021245e+01, 1.067121804035192e+01, 0.000000000000000e+00
101, 6.443258788700000e-01, 2.220446049250313e-16, 1.325953827977534e+00, 0.000000000000000e+00, 0.000000000000000e+00, 2.876007988250099e+05, 0.000000000000000e+00, 1.150403195300039e+05, 3.022400574834610e+02, 0.000000000000000e+00, 1.827518191923942e-01, 0.000000000000000e+00, 0.000000000000000e+00, 1.856496405913847e-05, 9.171583153503224e-04, 0.000000000000000e+00, -2.761486757269973e+01, 1.065854676702506e+01, 0.000000000000000e+00
102, 6.666254466970000e-01, 2.220446049250313e-16, 1.325953667533685e+00, 0.000000000000000e+00, 0.000000000000000e+00, 2.876005729033198e+05, 0.000000000000000e+00, 1.150402291613279e+05, 3.022398566338657e+02, 0.000000000000000e+00, 1.827236206636608e-01, 0.000000000000000e+00, 0.000000000000000e+00, 1.856495458985181e-05, 9.149688036505691e-04, 0.000000000000000e+00, -2.747622232812020e+01, 1.064582323409680e+01, 0.000000000000000e+00
103, 6.900390259370000e-01, 2.220446049250313e-16, 1.325953551316435e+00, 0.000000000000000e+00, 0.000000000000000e+00, 2.876003531377558e+05, 0.000000000000000e+00, 1.150401412551023e+05, 3.022396521726332e+02, 0.000000000000000e+00, 1.826961905148910e-01, 0.000000000000000e+00, 0.000000000000000e+00, 1.856494495028718e-05, 9.127712185757194e-04, 0.000000000000000e+00, -2.733732464341393e+01, 1.063303743256424e+01, 0.000000000000000e+00
104, 7.146576599530000e-01, 2.220446049250313e-16, 1.325953484018788e+00, 0.000000000000000e+00, 0.000000000000000e+00, 2.876001403225816e+05, 0.000000000000000e+00, 1.150400561290326e+05, 3.022394438647466e+02, 0.000000000000000e+00, 1.826696278824860e-01, 0.000000000000000e+00, 0.000000000000000e+00, 1.856493512936427e-05, 9.105638875490104e-04, 0.000000000000000e+00, -2.719806998703618e+01, 1.062017940777453e+01, 0.000000000000000e+00
105, 7.405825578610000e-01, 2.220446049250313e-16, 1.325953471346979e+00, 0.000000000000000e+00, 0.000000000000000e+00, 2.875999354478296e+05, 0.000000000000000e+00, 1.150399741791318e+05, 3.022392314499701e+02, 0.000000000000000e+00, 1.826440563378605e-01, 0.000000000000000e+00, 0.000000000000000e+00, 1.856492511481375e-05, 9.083450900816037e-04, 0.000000000000000e+00, -2.705835000067887e+01, 1.060723840464870e+01, 0.000000000000000e+00
106, 7.679265552350000e-01, 2.220446049250313e-16, 1.325953519343874e+00, 0.000000000000000e+00, 0.000000000000000e+00, 2.875997395360887e+05, 0.000000000000000e+00, 1.150398958144354e+05, 3.022390146255538e+02, 0.000000000000000e+00, 1.826196035159427e-01, 0.000000000000000e+00, 0.000000000000000e+00, 1.856491489236190e-05, 9.061130036324598e-04, 0.000000000000000e+00, -2.691805248449563e+01, 1.059420365128446e+01, 0.000000000000000e+00
107, 7.968158341210000e-01, 2.220446049250313e-16, 1.325953634209377e+00, 0.000000000000000e+00, 0.000000000000000e+00, 2.875995536407735e+05, 0.000000000000000e+00, 1.150398214563094e+05, 3.022387930853523e+02, 0.000000000000000e+00, 1.825964008992118e-01, 0.000000000000000e+00, 0.000000000000000e+00, 1.856490444757491e-05, 9.038657570574767e-04, 0.000000000000000e+00, -2.677706305418786e+01, 1.058106410679168e+01, 0.000000000000000e+00
108, 8.273919576770000e-01, 2.220446049250313e-16, 1.325953822017455e+00, 0.000000000000000e+00, 0.000000000000000e+00, 2.875993789449469e+05, 0.000000000000000e+00, 1.150397515779787e+05, 3.022385666881798e+02, 0.000000000000000e+00, 1.825745961522443e-01, 0.000000000000000e+00, 0.000000000000000e+00, 1.856489377379616e-05, 9.016014874603876e-04, 0.000000000000000e+00, -2.663526972063357e+01, 1.056780913045023e+01, 0.000000000000000e+00
109, 8.598142887360000e-01, 2.220446049250313e-16, 1.325954089114846e+00, 0.000000000000000e+00, 0.000000000000000e+00, 2.875992170684630e+05, 0.000000000000000e+00, 1.150396868273852e+05, 3.022383356897053e+02, 0.000000000000000e+00, 1.825543914579560e-01, 0.000000000000000e+00, 0.000000000000000e+00, 1.856488288307922e-05, 8.993184518282360e-04, 0.000000000000000e+00, -2.649256473561743e+01, 1.055442747419881e+01, 0.000000000000000e+00
110, 8.942628795040000e-01, 2.220446049250313e-16, 1.325954447687923e+00, 0.000000000000000e+00, 0.000000000000000e+00, 2.875990712325632e+05, 0.000000000000000e+00, 1.150396284930252e+05, 3.022381006974155e+02, 0.000000000000000e+00, 1.825361888771924e-01, 0.000000000000000e+00, 0.000000000000000e+00, 1.856487180406462e-05, 8.970146752473535e-04, 0.000000000000000e+00, -2.634882809171098e+01, 1.054090689443163e+01, 0.000000000000000e+00
111, 9.309419431120000e-01, 2.220446049250313e-16, 1.325954917850002e+00, 0.000000000000000e+00, 0.000000000000000e+00, 2.875989468045251e+05, 0.000000000000000e+00, 1.150395787218100e+05, 3.022378627672124e+02, 0.000000000000000e+00, 1.825206583293901e-01, 0.000000000000000e+00, 0.000000000000000e+00, 1.856486058653403e-05, 8.946870030937904e-04, 0.000000000000000e+00, -2.620387071554759e+01, 1.052722938772008e+01, 0.000000000000000e+00
112, 9.700840484090000e-01, 2.220446049250313e-16, 1.325955578150303e+00, 0.000000000000000e+00, 0.000000000000000e+00, 2.875988552302686e+05, 0.000000000000000e+00, 1.150395420921074e+05, 3.022376160232073e+02, 0.000000000000000e+00, 1.825092284427676e-01, 0.000000000000000e+00, 0.000000000000000e+00, 1.856484895346067e-05, 8.923298611094322e-04, 0.000000000000000e+00, -2.605735509504563e+01, 1.051336215823743e+01, 0.000000000000000e+00
113, 1.011955220140000e+00, 2.220446049250313e-16, 1.325956419343036e+00, 0.000000000000000e+00, 0.000000000000000e+00, 2.875987991021144e+05, 0.000000000000000e+00, 1.150395196408457e+05, 3.022373652972646e+02, 0.000000000000000e+00, 1.825022227791394e-01, 0.000000000000000e+00, 0.000000000000000e+00, 1.856483713264882e-05, 8.899340856460951e-04, 0.000000000000000e+00, -2.590870476232789e+01, 1.049925037049062e+01, 0.000000000000000e+00
114, 1.054913688830000e+00, 2.220446049250313e-16, 1.325957247196478e+00, 0.000000000000000e+00, 0.000000000000000e+00, 2.875987430366541e+05, 0.000000000000000e+00, 1.150394972146616e+05, 3.022371176780673e+02, 0.000000000000000e+00, 1.824952249406781e-01, 0.000000000000000e+00, 0.000000000000000e+00, 1.856482545830398e-05, 8.875948562753479e-04, 0.000000000000000e+00, -2.576382000750038e+01, 1.048545468324697e+01, 0.000000000000000e+00
115, 1.097872157520000e+00, 2.220446049250313e-16, 1.325958083868168e+00, 0.000000000000000e+00, 0.000000000000000e+00, 2.875986983168129e+05, 0.000000000000000e+00, 1.150394793267251e+05, 3.022368799722487e+02, 0.000000000000000e+00, 1.824896432113290e-01, 0.000000000000000e+00, 0.000000000000000e+00, 1.856481425133452e-05, 8.853661189519937e-04, 0.000000000000000e+00, -2.562600505870512e+01, 1.047228977601120e+01, 0.000000000000000e+00
116, 1.140830626210000e+00, 2.220446049250313e-16, 1.325958994945866e+00, 0.000000000000000e+00, 0.000000000000000e+00, 2.875986802462757e+05, 0.000000000000000e+00, 1.150394720985102e+05, 3.022366533124418e+02, 0.000000000000000e+00, 1.824873877281881e-01, 0.000000000000000e+00, 0.000000000000000e+00, 1.856480356514053e-05, 8.832416113861533e-04, 0.000000000000000e+00, -2.549484595567972e+01, 1.045972402876181e+01, 0.000000000000000e+00
117, 1.183789094900000e+00, 2.220446049250313e-16, 1.325959980729435e+00, 0.000000000000000e+00, 0.000000000000000e+00, 2.875986870223021e+05, 0.000000000000000e+00, 1.150394748089208e+05, 3.022364357358181e+02, 0.000000000000000e+00, 1.824882334813191e-01, 0.000000000000000e+00, 0.000000000000000e+00, 1.856479330718226e-05, 8.812159344243549e-04, 0.000000000000000e+00, -2.536997200333127e+01, 1.044772675207291e+01, 0.000000000000000e+00
118, 1.226747563590000e+00, 2.220446049250313e-16, 1.325961040246398e+00, 0.000000000000000e+00, 0.000000000000000e+00, 2.875987178903524e+05, 0.000000000000000e+00, 1.150394871561409e+05, 3.022362266711158e+02, 0.000000000000000e+00, 1.824920862924461e-01, 0.000000000000000e+00, 0.000000000000000e+00, 1.856478345052720e-05, 8.792830687895023e-04, 0.000000000000000e+00, -2.525099224733030e+01, 1.043626760441732e+01, 0.000000000000000e+00
119, 1.269706032280000e+00, 2.220446049250313e-16, 1.325962169911258e+00, 0.000000000000000e+00, 0.000000000000000e+00, 2.875987716195424e+05, 0.000000000000000e+00, 1.150395086478169e+05, 3.022360256420877e+02, 0.000000000000000e+00, 1.824987925281708e-01, 0.000000000000000e+00, 0.000000000000000e+00, 1.856477397272239e-05, 8.774373338718066e-04, 0.000000000000000e+00, -2.513752461223908e+01, 1.042531268279109e+01, 0.000000000000000e+00
120, 1.312664500970000e+00, 2.220446049250313e-16, 1.325963366502485e+00, 0.000000000000000e+00, 0.000000000000000e+00, 2.875988470495844e+05, 0.000000000000000e+00, 1.150395388198337e+05, 3.022358321637111e+02, 0.000000000000000e+00, 1.825082073665827e-01, 0.000000000000000e+00, 0.000000000000000e+00, 1.856476485090106e-05, 8.756732683328219e-04, 0.000000000000000e+00, -2.502920156490112e+01, 1.041482834764770e+01, 0.000000000000000e+00
121, 1.355622969660000e+00, 2.220446049250313e-16, 1.325964626469645e+00, 0.000000000000000e+00, 0.000000000000000e+00, 2.875989431092914e+05, 0.000000000000000e+00, 1.150395772437165e+05, 3.022356459195654e+02, 0.000000000000000e+00, 1.825201971069502e-01, 0.000000000000000e+00, 0.000000000000000e+00, 1.856475607014546e-05, 8.739853110913033e-04, 0.000000000000000e+00, -2.492566931175694e+01, 1.040478562080682e+01, 0.000000000000000e+00
122, 1.398581438350000e+00, 2.220446049250313e-16, 1.325965947761464e+00, 0.000000000000000e+00, 0.000000000000000e+00, 2.875990588611983e+05, 0.000000000000000e+00, 1.150396235444793e+05, 3.022354663920416e+02, 0.000000000000000e+00, 1.825346447390909e-01, 0.000000000000000e+00, 0.000000000000000e+00, 1.856474760605243e-05, 8.723684517885691e-04, 0.000000000000000e+00, -2.482659618313215e+01, 1.039515380370532e+01, 0.000000000000000e+00
123, 1.441539907040000e+00, 2.220446049250313e-16, 1.325967328631507e+00, 0.000000000000000e+00, 0.000000000000000e+00, 2.875991936197949e+05, 0.000000000000000e+00, 1.150396774479179e+05, 3.022352932588240e+02, 0.000000000000000e+00, 1.825514647007287e-01, 0.000000000000000e+00, 0.000000000000000e+00, 1.856473944342618e-05, 8.708174305084423e-04, 0.000000000000000e+00, -2.473166212751286e+01, 1.038590852240071e+01, 0.000000000000000e+00
124, 1.484498375720000e+00, 2.220446049250313e-16, 1.325968767814900e+00, 0.000000000000000e+00, 0.000000000000000e+00, 2.875993468706444e+05, 0.000000000000000e+00, 1.150397387482577e+05, 3.022351262676083e+02, 0.000000000000000e+00, 1.825705927821502e-01, 0.000000000000000e+00, 0.000000000000000e+00, 1.856473157037171e-05, 8.693273553910062e-04, 0.000000000000000e+00, -2.464056992168738e+01, 1.037702676138687e+01, 0.000000000000000e+00
125, 1.527456844410000e+00, 2.220446049250313e-16, 1.325970266539047e+00, 0.000000000000000e+00, 0.000000000000000e+00, 2.875995181839107e+05, 0.000000000000000e+00, 1.150398072735643e+05, 3.022349646869187e+02, 0.000000000000000e+00, 1.825919753331555e-01, 0.000000000000000e+00, 0.000000000000000e+00, 1.856472395240267e-05, 8.678943109138062e-04, 0.000000000000000e+00, -2.455305318517397e+01, 1.036848114421683e+01, 0.000000000000000e+00
126, 1.570415313100000e+00, 2.220446049250313e-16, 1.325971825953096e+00, 0.000000000000000e+00, 0.000000000000000e+00, 2.875997069701781e+05, 0.000000000000000e+00, 1.150398827880712e+05, 3.022348076354192e+02, 0.000000000000000e+00, 1.826155387855221e-01, 0.000000000000000e+00, 0.000000000000000e+00, 1.856471654796734e-05, 8.665142486438269e-04, 0.000000000000000e+00, -2.446885924386415e+01, 1.036025010073807e+01, 0.000000000000000e+00
127, 1.613373781790000e+00, 2.220446049250313e-16, 1.325973446410833e+00, 0.000000000000000e+00, 0.000000000000000e+00, 2.875999122792298e+05, 0.000000000000000e+00, 1.150399649116919e+05, 3.022346540339058e+02, 0.000000000000000e+00, 1.826411645374898e-01, 0.000000000000000e+00, 0.000000000000000e+00, 1.856470930618512e-05, 8.651838723937584e-04, 0.000000000000000e+00, -2.438776890032319e+01, 1.035231194947643e+01, 0.000000000000000e+00
128, 1.656332250480000e+00, 2.220446049250313e-16, 1.325975125395897e+00, 0.000000000000000e+00, 0.000000000000000e+00, 2.876001336091202e+05, 0.000000000000000e+00, 1.150400534436481e+05, 3.022345039284639e+02, 0.000000000000000e+00, 1.826687899384476e-01, 0.000000000000000e+00, 0.000000000000000e+00, 1.856470222922889e-05, 8.639010193930041e-04, 0.000000000000000e+00, -2.430962924019469e+01, 1.034465056234951e+01, 0.000000000000000e+00
129, 1.699290719170000e+00, 2.220446049250313e-16, 1.325976856863543e+00, 0.000000000000000e+00, 0.000000000000000e+00, 2.876003737951971e+05, 0.000000000000000e+00, 1.150401495180788e+05, 3.022343616765180e+02, 0.000000000000000e+00, 1.826987688837451e-01, 0.000000000000000e+00, 0.000000000000000e+00, 1.856469552253646e-05, 8.626648984186565e-04, 0.000000000000000e+00, -2.423439156714612e+01, 1.033726460981257e+01, 0.000000000000000e+00
130, 1.742249187860000e+00, 2.220446049250313e-16, 1.325978647506859e+00, 0.000000000000000e+00, 0.000000000000000e+00, 2.876006442021161e+05, 0.000000000000000e+00, 1.150402576808464e+05, 3.022342376953872e+02, 0.000000000000000e+00, 1.827325198585842e-01, 0.000000000000000e+00, 0.000000000000000e+00, 1.856468967724916e-05, 8.614764628640729e-04, 0.000000000000000e+00, -2.416209006062531e+01, 1.033015513359889e+01, 0.000000000000000e+00
131, 1.785207656550000e+00, 2.220446049250313e-16, 1.325980551283905e+00, 0.000000000000000e+00, 0.000000000000000e+00, 2.876009685702205e+05, 0.000000000000000e+00, 1.150403874280882e+05, 3.022341446344708e+02, 0.000000000000000e+00, 1.827730060257380e-01, 0.000000000000000e+00, 0.000000000000000e+00, 1.856468528974371e-05, 8.603326165700400e-04, 0.000000000000000e+00, -2.409255040742869e+01, 1.032331022417651e+01, 0.000000000000000e+00
132, 1.828166125240000e+00, 2.220446049250313e-16, 1.325982742820084e+00, 0.000000000000000e+00, 0.000000000000000e+00, 2.876013751180933e+05, 0.000000000000000e+00, 1.150405500472373e+05, 3.022340723452169e+02, 0.000000000000000e+00, 1.828237495018048e-01, 0.000000000000000e+00, 0.000000000000000e+00, 1.856468188155099e-05, 8.592159730361835e-04, 0.000000000000000e+00, -2.402473126243712e+01, 1.031662961670869e+01, 0.000000000000000e+00
133, 1.871124593930000e+00, 2.220446049250313e-16, 1.325985535838186e+00, 0.000000000000000e+00, 0.000000000000000e+00, 2.876018611360451e+05, 0.000000000000000e+00, 1.150407444544180e+05, 3.022339464726807e+02, 0.000000000000000e+00, 1.828844120755155e-01, 0.000000000000000e+00, 0.000000000000000e+00, 1.856467594708761e-05, 8.580797063385057e-04, 0.000000000000000e+00, -2.395581145895198e+01, 1.030983327735515e+01, 0.000000000000000e+00
134, 1.914083062620000e+00, 2.220446049250313e-16, 1.325989581447754e+00, 0.000000000000000e+00, 0.000000000000000e+00, 2.876023940176542e+05, 0.000000000000000e+00, 1.150409576070616e+05, 3.022335843442934e+02, 0.000000000000000e+00, 1.829509239600391e-01, 0.000000000000000e+00, 0.000000000000000e+00, 1.856465887395502e-05, 8.568455501582851e-04, 0.000000000000000e+00, -2.388106721006237e+01, 1.030245405663238e+01, 0.000000000000000e+00
135, 1.957041531310000e+00, 2.220446049250313e-16, 1.325990074002960e+00, 0.000000000000000e+00, 0.000000000000000e+00, 2.876012792272983e+05, 0.000000000000000e+00, 1.150405116909193e+05, 3.022323005733116e+02, 0.000000000000000e+00, 1.828117808442699e-01, 0.000000000000000e+00, 0.000000000000000e+00, 1.856459834840091e-05, 8.553558987018978e-04, 0.000000000000000e+00, -2.379151489787531e+01, 1.029354190685157e+01, 0.000000000000000e+00
136, 2.000000000000000e+00, 2.220446049250313e-16, 1.326092321576358e+00, 0.000000000000000e+00, 0.000000000000000e+00, 2.876317166473079e+05, 0.000000000000000e+00, 1.150526866589232e+05, 3.022409805125038e+02, 0.000000000000000e+00, 1.866108426444160e-01, 0.000000000000000e+00, 0.000000000000000e+00, 1.856500757637164e-05, 8.556111446256973e-04, 0.000000000000000e+00, -2.380624608611334e+01, 1.029525683892759e+01, 0.000000000000000e+00
